Workbook

Sheet ticket
A1: ticket_id | B1: created_at | C1: closed_at | D1: outlet_id | E1: cms_id

Sheet feedbacks
A1: cms_id | B1: feedback_at | C1: feedback_rating | D1: ticket_created_at
D2: =IFERROR(INDEX(ticket!$B:$B, MATCH($A2, ticket!$E:$E, 0)), "") | F2: =IF(INT($B2)=INT($C2), 1, 0) -> 1 | G2: =IF(AND(INT($B2)=INT($C2), HOUR($B2)=HOUR($C2)), 1, 0) -> 1 | H2: {=SUMPRODUCT(--(ticket!$D$2:$D$1000=$H2), --(INT(ticket!$B$2:$B$1000)=INT(ticket!$C$2:$C$1000)))} -> 0
D3: =IFERROR(INDEX(ticket!$B:$B, MATCH($A3, ticket!$E:$E, 0)), "")
D4: =IFERROR(INDEX(ticket!$B:$B, MATCH($A4, ticket!$E:$E, 0)), "")
D5: =IFERROR(INDEX(ticket!$B:$B, MATCH($A5, ticket!$E:$E, 0)), "")
D6: =IFERROR(INDEX(ticket!$B:$B, MATCH($A6, ticket!$E:$E, 0)), "")
D7: =IFERROR(INDEX(ticket!$B:$B, MATCH($A7, ticket!$E:$E, 0)), "")
D8: =IFERROR(INDEX(ticket!$B:$B, MATCH($A8, ticket!$E:$E, 0)), "")
D9: =IFERROR(INDEX(ticket!$B:$B, MATCH($A9, ticket!$E:$E, 0)), "")
D10: =IFERROR(INDEX(ticket!$B:$B, MATCH($A10, ticket!$E:$E, 0)), "")
D11: =IFERROR(INDEX(ticket!$B:$B, MATCH($A11, ticket!$E:$E, 0)), "")
D12: =IFERROR(INDEX(ticket!$B:$B, MATCH($A12, ticket!$E:$E, 0)), "")
D13: =IFERROR(INDEX(ticket!$B:$B, MATCH($A13, ticket!$E:$E, 0)), "")
D14: =IFERROR(INDEX(ticket!$B:$B, MATCH($A14, ticket!$E:$E, 0)), "")
... D23: =IFERROR(INDEX(ticket!$B:$B, MATCH($A23, ticket!$E:$E, 0)), "")
